version	total
0.1.1	2805
0.1.2	2795
0.2	3202
0.3	3207
0.4	3191
0.4.1	2794
0.4.2	2812
0.5.0	2873
0.6.0	2855
0.6.1	2940
0.7.0	2938
0.7.1	2875
0.8.0	2889
0.9.0	2817
0.9.1	2818
0.10.0	2817
0.10.1	3092
0.11.0	2496
0.11.1	2510
0.11.2	2278
0.12.0	2389
0.12.1	1837
0.12.2	1947
0.13.0	2164
0.13.1	1639
0.14.0	1424
0.15.0	1182
0.16.0	1218
0.16.1	1511
0.17.0	948
0.17.1	854
0.17.2	1016
0.18.0	969
0.19.0	911
0.20.0	370
0.20.1	332
0.21.0	232
0.22.0	447
0.22.1	613
0.22.2	158
0.22.3	736
0.22.4	460
0.22.5	413
0.23.0	174
0.24.0	161
0.25.0	139
0.25.1	225
